Country,ISO3,Region,CPI score 2016,Rank 2016,CPI score 2019,Rank 2019,Employment_ratio-2016,Employment_ratio-2019,GDP_per_capita-2016,GDP_per_capita-2019,HDI_index-2016,HDI_index-2019,Women_in_parliament_(%)-2016,Women_in_parliament_(%)-2019
Denmark,DNK,WE/EU,90.0,1.0,87,1,59.4,59.162,54314.381,57184.193,0.935,0.94,37.43,39.106
New Zealand,NZL,AP,90.0,1.0,87,1,65.774,67.063,41083.812,42887.518,0.924,0.931,31.405,40.833
Finland,FIN,WE/EU,89.0,3.0,86,3,53.32,55.185,46161.583,48621.089,0.932,0.938,41.5,47.0
Sweden,SWE,WE/EU,88.0,4.0,85,4,59.574,60.381,52116.147,53205.056,0.94,0.945,43.553,47.278
Switzerland,CHE,WE/EU,86.0,5.0,85,4,65.196,65.126,66570.617,68627.829,0.947,0.955,28.862,38.618
Singapore,SGP,AP,84.0,7.0,85,4,68.189,67.64,91075.535,97341.469,0.935,0.938,23.762,23.0
Norway,NOR,WE/EU,85.0,6.0,84,7,61.362,61.669,62010.34,63633.102,0.95,0.957,39.645,40.828
Netherlands,NLD,WE/EU,83.0,8.0,82,8,59.887,61.587,54101.265,57141.37,0.936,0.944,36.444,33.778
Germany,DEU,WE/EU,81.0,10.0,80,9,57.829,58.961,51930.163,53815.365,0.941,0.947,36.857,31.62
Luxembourg,LUX,WE/EU,81.0,10.0,80,9,54.514,56.146,113553.599,114481.534,0.91,0.916,28.333,25.0
Canada,CAN,AME,82.0,9.0,77,12,60.905,61.451,47705.523,49031.38,0.923,0.929,29.773,33.183
United Kingdom,GBR,WE/EU,81.0,10.0,77,12,59.504,60.357,45428.723,46699.302,0.924,0.932,27.348,28.909
Australia,AUS,AP,79.0,13.0,77,12,61.28,62.067,48585.89,49756.307,0.939,0.944,31.416,36.564
Hong Kong,HKG,AP,77.0,15.0,76,16,58.591,57.893,58096.3,59892.866,0.936,0.949,,
Belgium,BEL,WE/EU,77.0,15.0,75,17,49.064,50.569,49969.618,51707.792,0.924,0.931,42.381,43.333
Austria,AUT,WE/EU,75.0,17.0,77,12,56.866,57.848,53688.282,56352.445,0.917,0.922,30.328,38.525
Iceland,ISL,WE/EU,78.0,14.0,78,11,75.432,72.9,54407.728,55873.951,0.941,0.949,47.619,38.095
Estonia,EST,WE/EU,70.0,22.0,74,18,58.743,60.308,32021.063,36710.411,0.881,0.892,23.762,29.703
Japan,JPN,AP,72.0,20.0,73,20,58.573,60.312,39926.021,41429.288,0.912,0.919,13.25,14.507
Ireland,IRL,WE/EU,73.0,19.0,74,18,57.17,59.008,73034.513,86781.39,0.943,0.955,24.312,24.312
Uruguay,URY,AME,71.0,21.0,71,21,59.607,58.431,20862.171,21561.062,0.81,0.817,19.231,20.93
United Arab Emirates,ARE,MENA,66.0,24.0,71,21,81.162,80.166,66510.867,67119.133,0.864,0.89,22.5,50.0
France,FRA,WE/EU,69.0,23.0,69,23,49.79,50.48,43914.482,46183.522,0.894,0.901,25.73,36.865
Bhutan,BTN,AP,65.0,27.0,68,25,64.502,65.152,10775.146,11345.445,0.637,0.654,8.333,15.278
United States of America,USA,AME,74.0,18.0,69,23,59.131,59.765,59028.59,62682.8,0.922,0.926,19.549,23.729
Chile,CHL,AME,66.0,24.0,67,26,57.844,58.202,23721.606,24226.151,0.845,0.851,15.823,22.727
Seychelles,SYC,SSA,,,66,27,,,26421.941,29055.749,0.787,0.796,21.212,21.212
Barbados,BRB,AME,61.0,31.0,62,30,59.626,58.488,15738.189,15638.83,0.811,0.814,19.608,29.412
Bahamas,BHS,AME,66.0,24.0,64,29,65.207,66.835,35642.472,35782.798,0.81,0.814,16.667,21.818
Qatar,QAT,MENA,61.0,31.0,62,30,87.169,86.741,96060.235,92651.07,0.845,0.848,0.1,9.756
Spain,ESP,WE/EU,58.0,41.0,62,30,46.863,49.467,38553.603,40883.325,0.899,0.904,38.636,41.857
Portugal,PRT,WE/EU,62.0,29.0,62,30,52.043,55.086,31887.419,34797.994,0.855,0.864,34.783,38.696
"Korea, South",KOR,AP,53.0,52.0,59,39,60.453,60.358,39857.09,42661.172,0.91,0.916,17.0,16.667
Israel,ISR,MENA,64.0,28.0,60,35,61.145,61.569,38372.373,40161.919,0.913,0.919,26.667,23.333
Slovenia,SVN,WE/EU,61.0,31.0,60,35,52.191,55.913,34983.791,38688.783,0.9,0.917,27.692,22.308
Botswana,BWA,SSA,60.0,35.0,61,34,58.336,57.935,17117.072,17766.488,0.72,0.735,9.524,10.769
Lithuania,LTU,WE/EU,59.0,38.0,60,35,55.79,57.704,31992.645,36974.946,0.867,0.882,21.277,21.277
Brunei Darussalam,BRN,AP,58.0,41.0,60,35,59.953,58.781,60865.987,62099.588,0.839,0.838,6.452,9.091
Saint Vincent and the Grenadines,VCT,AME,60.0,35.0,59,39,53.128,53.432,12164.494,12466.235,0.734,0.738,13.043,13.043
Cabo Verde,CPV,SSA,59.0,38.0,58,41,52.79,53.049,6482.648,7171.839,0.657,0.665,23.611,23.611
Costa Rica,CRI,AME,58.0,41.0,56,44,54.261,54.737,18592.142,19642.418,0.801,0.81,33.333,45.614
Latvia,LVA,WE/EU,57.0,44.0,56,44,54.773,57.408,27207.146,30830.091,0.854,0.866,18.0,30.0
Cyprus,CYP,WE/EU,55.0,47.0,58,41,53.969,58.472,36526.819,39544.682,0.873,0.887,17.857,17.857
Poland,POL,WE/EU,62.0,29.0,58,41,53.297,54.731,28737.542,33086.39,0.869,0.88,24.821,27.857
Saint Lucia,LCA,AME,60.0,35.0,55,48,52.625,53.209,14516.59,15448.794,0.752,0.759,20.69,20.69
Georgia,GEO,ECA,57.0,44.0,56,44,57.074,58.492,12963.744,15014.288,0.792,0.812,16.0,14.765
Dominica,DMA,AME,59.0,38.0,55,48,,,12154.751,12155.559,0.74,0.742,21.875,25.0
Czechia,CZE,WE/EU,55.0,47.0,56,44,57.766,59.388,36982.189,40314.229,0.893,0.9,19.643,20.641
Rwanda,RWA,SSA,54.0,50.0,53,51,82.891,82.793,1950.331,2226.221,0.527,0.543,57.547,55.66
Oman,OMN,MENA,45.0,64.0,52,56,68.648,70.436,30190.994,27896.337,0.815,0.813,8.824,9.884
Grenada,GRD,AME,56.0,46.0,53,51,,,15613.973,17241.532,0.771,0.779,25.0,39.286
Malta,MLT,WE/EU,55.0,47.0,54,50,52.581,54.564,40112.929,43340.2,0.885,0.895,12.857,14.925
Mauritius,MUS,SSA,54.0,50.0,52,56,54.655,54.421,20646.933,22989.342,0.794,0.804,11.594,20.0
Italy,ITA,WE/EU,47.0,60.0,53,51,43.52,44.655,41037.603,42412.665,0.884,0.892,30.074,35.263
Saudi Arabia,SAU,MENA,46.0,62.0,53,51,53.138,52.568,48627.141,46962.141,0.859,0.854,19.868,19.868
Namibia,NAM,SSA,52.0,53.0,52,56,46.188,47.464,10266.746,9637.181,0.639,0.646,36.301,36.957
Malaysia,MYS,AP,49.0,55.0,53,51,62.079,62.152,25546.442,28350.59,0.8,0.81,12.937,15.517
Greece,GRC,WE/EU,44.0,69.0,48,60,39.949,42.844,28601.063,30314.566,0.874,0.888,19.667,20.667
Slovakia,SVK,WE/EU,51.0,54.0,50,59,54.251,56.23,30040.294,32792.555,0.853,0.86,20.0,20.0
Jordan,JOR,MENA,48.0,57.0,48,60,33.312,33.521,9867.022,9906.054,0.729,0.729,15.385,15.385
Armenia,ARM,ECA,33.0,113.0,42,77,46.097,46.173,11303.072,13653.75,0.766,0.776,10.687,23.485
Croatia,HRV,WE/EU,49.0,55.0,47,63,44.481,47.632,25478.531,28508.517,0.841,0.851,12.583,20.53
Cuba,CUB,AME,47.0,60.0,48,60,52.92,52.703,,,0.773,0.783,48.856,53.223
Sao Tome and Principe,STP,SSA,46.0,62.0,46,64,50.742,50.064,3841.435,3963.784,0.608,0.625,18.182,14.545
Belarus,BLR,ECA,40.0,79.0,45,66,60.617,61.184,17822.607,19149.638,0.815,0.823,33.929,34.94
Montenegro,MNE,ECA,45.0,64.0,45,66,43.874,46.341,18745.18,21378.575,0.818,0.829,23.457,28.395
Senegal,SEN,SSA,45.0,64.0,45,66,42.615,42.667,3067.663,3394.869,0.509,0.512,42.667,41.818
Hungary,HUN,WE/EU,48.0,57.0,44,70,52.907,54.548,28230.554,32622.851,0.844,0.854,10.101,12.563
Romania,ROU,WE/EU,48.0,57.0,44,70,50.554,52.489,25238.187,29908.979,0.82,0.828,11.951,19.57
South Africa,ZAF,SSA,45.0,64.0,44,70,40.787,40.231,12703.82,12481.813,0.703,0.709,41.189,45.333
Bulgaria,BGR,WE/EU,41.0,75.0,43,74,49.402,52.964,20489.082,23091.342,0.811,0.816,20.417,25.833
Tunisia,TUN,MENA,41.0,75.0,43,74,39.46,38.734,10524.994,10755.58,0.731,0.74,31.336,22.581
Jamaica,JAM,AME,39.0,83.0,43,74,57.029,60.746,9550.81,9761.499,0.731,0.734,19.048,19.048
Ghana,GHA,SSA,43.0,70.0,41,80,64.312,64.862,4724.125,5412.628,0.598,0.611,10.909,13.091
Maldives,MDV,AP,36.0,95.0,29,130,63.486,65.507,17582.657,18914.333,0.728,0.74,5.882,4.598
Vanuatu,VUT,AP,,,46,64,66.791,66.811,3066.322,3143.628,0.598,0.609,0.1,0.1
Bahrain,BHR,MENA,43.0,70.0,42,77,71.389,72.838,48091.019,45025.772,0.853,0.852,15.0,18.75
Solomon Islands,SLB,AP,42.0,72.0,42,77,83.35,83.353,2314.792,2367.404,0.561,0.567,2.0,4.082
Kuwait,KWT,MENA,41.0,75.0,40,85,71.192,71.889,54708.703,49846.144,0.804,0.806,2.0,4.615
China,CHN,AP,40.0,79.0,41,80,66.281,65.05,13487.948,16116.704,0.746,0.761,23.623,24.941
Argentina,ARG,AME,36.0,95.0,45,66,55.5,55.301,23189.731,22033.945,0.839,0.845,37.082,39.877
Lesotho,LSO,SSA,39.0,83.0,40,85,51.282,51.996,2842.699,2767.714,0.512,0.527,24.837,23.026
Benin,BEN,SSA,36.0,95.0,41,80,69.006,69.285,2961.442,3287.31,0.533,0.545,7.229,7.229
Guyana,GUY,AME,34.0,108.0,40,85,49.419,49.524,8848.151,9702.579,0.676,0.682,30.435,31.884
Burkina Faso,BFA,SSA,42.0,72.0,40,85,62.425,62.268,1991.138,2189.631,0.428,0.452,9.449,13.386
Turkey,TUR,ECA,41.0,75.0,39,91,46.118,45.702,26409.177,28167.397,0.808,0.82,14.909,17.45
India,IND,AP,40.0,79.0,41,80,47.566,46.653,5840.67,6754.287,0.63,0.645,11.69,13.486
Morocco,MAR,MENA,37.0,90.0,41,80,42.041,41.22,7109.243,7514.721,0.667,0.686,18.447,18.447
Timor-Leste,TLS,AP,35.0,101.0,38,93,63.585,64.275,3355.508,3123.109,0.598,0.606,38.462,38.462
Trinidad and Tobago,TTO,AME,35.0,101.0,40,85,59.312,58.347,27201.469,26175.952,0.792,0.796,31.507,32.877
Colombia,COL,AME,37.0,90.0,37,96,63.46,62.095,14338.433,14730.885,0.76,0.767,20.896,19.565
Ecuador,ECU,AME,31.0,120.0,38,93,65.264,65.338,11551.617,11375.331,0.758,0.759,41.606,37.956
Suriname,SUR,AME,45.0,64.0,44,70,47.69,47.385,16217.873,16328.686,0.735,0.738,25.49,31.373
Serbia,SRB,ECA,42.0,72.0,39,91,45.605,47.915,16116.306,18179.775,0.795,0.806,34.0,37.652
Brazil,BRA,AME,40.0,79.0,35,106,56.388,56.165,14446.413,14651.616,0.758,0.765,10.774,14.983
Sri Lanka,LKA,AP,36.0,95.0,38,93,52.671,51.652,12287.473,13078.098,0.773,0.782,5.778,5.333
Peru,PER,AME,35.0,101.0,36,101,72.592,75.063,12403.689,12847.885,0.765,0.777,27.692,30.0
Ethiopia,ETH,SSA,34.0,108.0,37,96,78.164,77.895,1894.897,2219.709,0.467,0.485,37.286,37.286
Tanzania,TZA,SSA,32.0,116.0,37,96,82.023,81.761,2441.565,2660.42,0.52,0.529,36.559,36.896
Kazakhstan,KAZ,ECA,29.0,131.0,34,113,66.647,65.601,24210.863,26351.439,0.808,0.825,20.779,22.078
Indonesia,IDN,AP,37.0,90.0,40,85,63.334,64.333,10531.198,11812.198,0.703,0.718,17.117,17.391
Gambia,GMB,SSA,26.0,145.0,37,96,53.679,54.021,2036.872,2206.913,0.475,0.496,9.434,10.345
Albania,ALB,ECA,39.0,83.0,35,106,47.055,48.86,12547.928,13961.797,0.788,0.795,22.857,29.508
El Salvador,SLV,AME,36.0,95.0,34,113,56.892,56.668,8309.63,8775.987,0.671,0.673,32.143,30.952
Thailand,THA,AP,35.0,101.0,36,101,67.598,66.818,16797.772,18463.094,0.756,0.777,6.091,14.133
Algeria,DZA,MENA,34.0,108.0,35,106,37.2,36.333,11637.898,11349.701,0.743,0.748,25.785,21.549
Cote d'Ivoire,CIV,SSA,34.0,108.0,35,106,55.703,55.064,4615.712,5238.261,0.513,0.538,9.163,13.277
Vietnam,VNM,AP,33.0,113.0,37,96,76.074,75.888,6767.902,8041.179,0.693,0.704,26.721,26.721
Bosnia and Herzegovina,BIH,ECA,39.0,83.0,36,101,34.882,37.847,13363.915,14894.787,0.772,0.78,19.298,21.053
Mongolia,MNG,AP,38.0,87.0,35,106,54.999,56.089,10940.415,12309.771,0.729,0.737,17.105,17.333
Panama,PAN,AME,38.0,87.0,36,101,63.212,63.991,29337.881,31458.693,0.805,0.815,18.31,21.127
North Macedonia,MKD,ECA,37.0,90.0,35,106,41.935,45.309,15371.957,16506.085,0.765,0.774,33.333,39.167
Philippines,PHL,AP,35.0,101.0,34,113,60.47,58.339,7705.045,8908.176,0.704,0.718,29.43,28.049
Moldova,MDA,ECA,30.0,123.0,32,120,41.0,40.728,10942.551,13033.864,0.738,0.75,21.782,25.743
Zambia,ZMB,SSA,38.0,87.0,34,113,66.873,66.091,3467.872,3479.492,0.571,0.584,17.964,17.964
Egypt,EGY,MENA,34.0,108.0,35,106,41.779,41.419,10795.809,11763.254,0.696,0.707,14.933,14.933
Sierra Leone,SLE,SSA,30.0,123.0,33,119,55.43,55.333,1610.553,1718.371,0.431,0.452,12.397,12.329
Nepal,NPL,AP,29.0,131.0,34,113,82.18,82.626,2902.249,3416.791,0.586,0.602,29.58,33.533
Ukraine,UKR,ECA,29.0,131.0,30,126,49.436,49.341,11534.638,12810.289,0.768,0.779,12.019,20.519
Eswatini,SWZ,SSA,,,34,113,39.917,40.91,8405.799,8688.101,0.588,0.611,14.737,12.121
Niger,NER,SSA,35.0,101.0,32,120,72.054,71.7,1149.663,1219.077,0.378,0.394,14.62,16.959
Bolivia,BOL,AME,33.0,113.0,31,123,65.323,69.301,8202.551,8724.476,0.702,0.718,51.807,51.807
Pakistan,PAK,AP,32.0,116.0,32,120,50.826,50.232,4421.67,4690.485,0.542,0.557,20.045,20.0
Mexico,MEX,AME,30.0,123.0,29,130,58.33,58.602,19612.229,19746.436,0.768,0.779,40.605,48.408
Kyrgyzstan,KGZ,ECA,28.0,136.0,30,126,57.131,56.044,4912.382,5253.097,0.691,0.697,19.167,19.167
Kenya,KEN,SSA,26.0,145.0,28,137,72.963,72.722,3952.746,4329.871,0.591,0.601,20.813,23.261
Gabon,GAB,SSA,35.0,101.0,31,123,41.369,42.314,15358.721,14869.791,0.69,0.703,15.982,17.949
Mali,MLI,SSA,32.0,116.0,29,130,65.636,65.697,2197.631,2327.371,0.422,0.434,8.844,9.524
Malawi,MWI,SSA,31.0,120.0,31,123,72.596,72.381,1024.601,1059.723,0.472,0.483,16.667,22.917
Azerbaijan,AZE,ECA,30.0,123.0,30,126,62.949,62.838,14238.784,14403.85,0.751,0.756,16.8,16.807
Russia,RUS,ECA,29.0,131.0,28,137,59.283,58.968,25568.908,27043.935,0.815,0.824,13.871,16.452
Togo,TGO,SSA,32.0,116.0,29,130,76.4,76.011,1489.684,1595.929,0.502,0.515,17.582,16.484
Laos,LAO,AP,30.0,123.0,29,130,77.932,77.982,6896.129,7826.389,0.605,0.613,27.517,27.517
Mauritania,MRT,SSA,27.0,142.0,28,137,41.321,41.503,5045.894,5197.029,0.542,0.546,22.167,20.261
Liberia,LBR,SSA,37.0,90.0,28,137,74.393,74.167,1516.356,1427.819,0.478,0.48,10.68,11.65
Dominican Republic,DOM,AME,31.0,120.0,28,137,59.437,60.562,16166.604,18419.034,0.743,0.756,24.324,24.324
Paraguay,PRY,AME,30.0,123.0,28,137,66.684,68.627,12157.305,12684.596,0.722,0.728,16.8,16.8
Myanmar,MMR,AP,28.0,136.0,29,130,63.117,60.693,4482.925,5142.154,0.563,0.583,10.046,11.568
Guinea,GIN,SSA,27.0,142.0,29,130,59.296,58.89,2255.308,2564.042,0.465,0.477,21.93,22.807
Djibouti,DJI,SSA,30.0,123.0,30,126,54.061,54.041,4709.549,5519.333,0.505,0.524,12.727,26.154
Papua New Guinea,PNG,AP,28.0,136.0,28,137,46.102,46.032,4289.048,4387.602,0.549,0.555,2.703,0.1
Uganda,UGA,SSA,25.0,151.0,28,137,69.36,69.04,2073.329,2181.248,0.529,0.544,33.489,34.858
Angola,AGO,SSA,18.0,164.0,26,146,71.983,72.157,7568.997,6653.908,0.578,0.581,36.818,30.0
Bangladesh,BGD,AP,26.0,145.0,26,146,54.134,56.521,3920.301,4753.726,0.606,0.632,20.0,20.63
Uzbekistan,UZB,ECA,21.0,156.0,25,153,61.49,61.21,6346.335,6998.705,0.705,0.72,16.4,16.4
Central African Republic,CAF,SSA,20.0,159.0,25,153,69.771,69.307,884.494,944.868,0.382,0.397,7.194,8.571
Iran,IRN,MENA,29.0,131.0,26,146,38.48,39.581,14205.209,14535.863,0.784,0.783,5.882,5.882
Guatemala,GTM,AME,28.0,136.0,26,146,60.341,60.817,8205.754,8637.555,0.653,0.663,13.924,19.375
Lebanon,LBN,MENA,28.0,136.0,28,137,43.965,44.085,16108.504,14717.35,0.741,0.744,3.125,4.688
Nigeria,NGA,SSA,28.0,136.0,26,146,49.436,48.623,5284.892,5135.5,0.526,0.539,5.769,4.113
Mozambique,MOZ,SSA,27.0,142.0,26,146,75.978,75.566,1273.783,1280.45,0.441,0.456,39.6,41.2
Cameroon,CMR,SSA,26.0,145.0,25,153,73.636,73.501,3524.445,3652.687,0.553,0.563,27.143,29.286
Madagascar,MDG,SSA,26.0,145.0,24,158,84.832,84.613,1565.867,1646.22,0.523,0.528,20.093,16.901
Tajikistan,TJK,ECA,25.0,151.0,25,153,37.107,37.391,2942.648,3379.749,0.653,0.668,20.0,20.0
Honduras,HND,AME,30.0,123.0,26,146,61.708,65.067,5395.614,5727.974,0.626,0.634,25.781,21.094
Zimbabwe,ZWE,SSA,22.0,154.0,24,158,78.749,78.982,2934.734,2835.949,0.558,0.571,35.143,34.571
Nicaragua,NIC,AME,26.0,145.0,22,161,63.775,61.864,5811.893,5407.105,0.657,0.66,45.652,44.565
Comoros,COM,SSA,24.0,153.0,25,153,41.015,41.405,2987.989,3081.384,0.547,0.554,3.03,6.061
Cambodia,KHM,AP,21.0,156.0,20,162,81.769,81.756,3733.955,4388.801,0.576,0.594,19.022,19.251
Chad,TCD,SSA,20.0,159.0,20,162,69.612,69.362,1687.053,1579.627,0.393,0.398,14.894,14.881
Eritrea,ERI,SSA,18.0,164.0,23,160,74.547,74.355,,,0.456,0.459,22.0,22.0
Iraq,IRQ,MENA,17.0,166.0,20,162,39.255,37.484,11542.264,10881.172,0.656,0.674,26.524,25.228
Turkmenistan,TKM,ECA,22.0,154.0,19,165,62.122,61.959,13562.526,14845.329,0.699,0.715,25.806,25.0
Burundi,BDI,SSA,20.0,159.0,19,165,77.666,78.024,794.605,751.664,0.438,0.433,37.805,38.75
Congo,COG,SSA,20.0,159.0,19,165,62.895,62.87,3603.23,3298.068,0.578,0.574,11.538,13.636
Guinea Bissau,GNB,SSA,16.0,168.0,18,168,70.059,70.19,1864.26,1989.367,0.468,0.48,13.725,13.725
Afghanistan,AFG,AP,15.0,169.0,16,173,43.028,43.456,2200.764,2202.278,0.502,0.511,27.445,27.244
Democratic Republic of the Congo,COD,SSA,21.0,156.0,18,168,61.076,60.774,1055.573,1097.949,0.471,0.48,8.167,11.987
Haiti,HTI,AME,20.0,159.0,18,168,57.396,57.926,1766.11,1728.91,0.5,0.51,0.1,2.74
"Korea, North",PRK,AP,12.0,174.0,17,172,78.143,78.167,,,,,16.303,17.613
Libya,LBY,MENA,14.0,170.0,18,168,40.306,40.463,10592.424,15174.165,0.687,0.724,15.957,15.957
Sudan,SDN,SSA,14.0,170.0,16,173,40.191,40.43,4284.811,3958.468,0.507,0.51,31.042,27.536
Equatorial Guinea,GNQ,SSA,,,16,173,57.953,57.981,24827.073,18558.004,0.588,0.592,19.653,19.186
Venezuela,VEN,AME,17.0,166.0,16,173,57.369,54.473,,,0.759,0.711,14.371,22.156
Yemen,YEM,MENA,14.0,170.0,15,177,32.534,33.094,,,0.474,0.47,0.518,0.971
Syria,SYR,MENA,13.0,173.0,13,178,40.216,40.422,,,0.528,0.567,13.2,13.2
South Sudan,SSD,SSA,11.0,175.0,12,179,63.476,63.523,,,0.421,0.433,26.559,26.559
Somalia,SOM,SSA,10.0,176.0,9,180,41.72,42.018,,,,,,24.316
